,name,identifier,url,image,sameAs,datePublished,dateModified,eventStatus,startDate,endDate,previousStartDate,doorTime,location$@type,location$name,location$identifier,location$url,location$image,location$datePublished,location$dateModified,location$address$@type,location$address$streetAddress,location$address$addressLocality,location$address$postalCode,location$address$addressRegion$@type,location$address$addressRegion$identifier,location$address$addressRegion$name,location$address$addressRegion$alternateName,location$address$addressCountry$@type,location$address$addressCountry$identifier,location$address$addressCountry$name,location$address$addressCountry$alternateName,location$address$x-streetAddress2,location$address$x-timezone,location$address$x-jamBaseMetroId,location$address$x-jamBaseCityId,location$geo$@type,location$geo$latitude,location$geo$longitude,location$sameAs,location$maximumAttendeeCapacity,location$x-isPermanentlyClosed,location$x-numUpcomingEvents,offers,performer,eventAttendanceMode,isAccessibleForFree,x-streamIds,x-headlinerInSupport,x-promoImage,
@type,,,,,,,,,,,,,,,,,,,,,,,,,,,,,,,,,,,,,,,,,,,,,,,,,,
,,,,,,,,,,,,,,,,,,,,,,,,,,,,,,,,,,,,,,,,,,,,,,,,,,
1,Concert,Bad Bunny at Félix Sánchez Olympic Stadium,jambase:14247332,https://www.jambase.com/show/bad-bunny-estadio-ol%c3%admpico-f%c3%a9lix-s%c3%a1nchez-20251121,https://www.jambase.com/wp-content/uploads/2018/01/bad-bunny-press-2024-1480x832.jpg,character(0),2025-05-06T19:41:31Z,2025-08-11T13:00:18Z,scheduled,2025-11-21T20:00:00,11/21/25,,,Venue,Félix Sánchez Olympic Stadium,jambase:428278,https://www.jambase.com/venue/felix-sanchez-olympic-stadium,,2015-09-03T03:19:46Z,2025-09-27T15:17:10Z,PostalAddress,F3JJ+8CQ Centro Olimpico,Santo Domingo,10122,NA,NA,NA,NA,Country,DO,Dominican Republic,DOM,,America/Bogota,,1283240,GeoCoordinates,18.4808,-69.9189,<data.frame[0 x 0]>,60000,FALSE,2,<data.frame[1 x 11]>,<data.frame[1 x 14]>,live,FALSE,character(0),FALSE,
,,,,,,,,,,,,,,,,,,,,,,,,,,,,,,,,,,,,,,,,,,,,,,,,,,
2,Concert,Bad Bunny at Félix Sánchez Olympic Stadium,jambase:14482033,https://www.jambase.com/show/bad-bunny-felix-sanchez-olympic-stadium-20251122,https://www.jambase.com/wp-content/uploads/2018/01/bad-bunny-press-2024-1480x832.jpg,character(0),2025-06-17T16:14:08Z,2025-08-11T13:00:40Z,scheduled,2025-11-22T19:00:00,11/22/25,,,Venue,Félix Sánchez Olympic Stadium,jambase:428278,https://www.jambase.com/venue/felix-sanchez-olympic-stadium,,2015-09-03T03:19:46Z,2025-09-27T15:17:10Z,PostalAddress,F3JJ+8CQ Centro Olimpico,Santo Domingo,10122,NA,NA,NA,NA,Country,DO,Dominican Republic,DOM,,America/Bogota,,1283240,GeoCoordinates,18.4808,-69.9189,<data.frame[0 x 0]>,60000,FALSE,2,<data.frame[3 x 11]>,<data.frame[1 x 14]>,live,FALSE,character(0),FALSE,
,,,,,,,,,,,,,,,,,,,,,,,,,,,,,,,,,,,,,,,,,,,,,,,,,,
3,Concert,Bad Bunny at Estadio Nacional,jambase:14247335,https://www.jambase.com/show/bad-bunny-estadio-nacional-20251205,https://www.jambase.com/wp-content/uploads/2018/01/bad-bunny-press-2024-1480x832.jpg,character(0),2025-05-06T19:42:42Z,2025-06-26T23:02:21Z,scheduled,2025-12-05T19:00:00,12/5/25,,,Venue,Estadio Nacional,jambase:669848,https://www.jambase.com/venue/estadio-nacional-san-jose,,2015-10-06T09:36:50Z,2025-10-24T15:17:11Z,PostalAddress," C. 68, Nunciatura",San José,10101,NA,NA,NA,NA,Country,CR,Costa Rica,CRI,,America/Costa_Rica,,1165754,GeoCoordinates,9.9386,-84.1092,<data.frame[1 x 3]>,35062,FALSE,6,<data.frame[3 x 11]>,<data.frame[1 x 14]>,live,FALSE,character(0),FALSE,
,,,,,,,,,,,,,,,,,,,,,,,,,,,,,,,,,,,,,,,,,,,,,,,,,,
4,Concert,Bad Bunny at Estadio Nacional,jambase:14305240,https://www.jambase.com/show/bad-bunny-estadio-nacional-20251206,https://www.jambase.com/wp-content/uploads/2018/01/bad-bunny-press-2024-1480x832.jpg,character(0),2025-05-18T16:50:58Z,2025-08-11T13:02:03Z,scheduled,2025-12-06T19:00:00,12/6/25,,,Venue,Estadio Nacional,jambase:669848,https://www.jambase.com/venue/estadio-nacional-san-jose,,2015-10-06T09:36:50Z,2025-10-24T15:17:11Z,PostalAddress," C. 68, Nunciatura",San José,10101,NA,NA,NA,NA,Country,CR,Costa Rica,CRI,,America/Costa_Rica,,1165754,GeoCoordinates,9.9386,-84.1092,<data.frame[1 x 3]>,35062,FALSE,6,<data.frame[3 x 11]>,<data.frame[1 x 14]>,live,FALSE,character(0),FALSE,
,,,,,,,,,,,,,,,,,,,,,,,,,,,,,,,,,,,,,,,,,,,,,,,,,,
5,Concert,Bad Bunny at Estadio GNP Seguros,jambase:14236539,https://www.jambase.com/show/bad-bunny-estadio-gnp-seguros-20251210,https://www.jambase.com/wp-content/uploads/2018/01/bad-bunny-press-2024-1480x832.jpg,character(0),2025-05-05T19:21:24Z,2025-10-29T21:06:10Z,scheduled,2025-12-10T21:00:00,12/10/25,,,Venue,Estadio GNP Seguros,jambase:64430,https://www.jambase.com/venue/estadio-gnp-seguros,,2015-06-22T07:50:07Z,2025-11-04T19:21:12Z,PostalAddress,Avenida Viaducto Rio de la Piedad y Rio Churubusco S/N,Mexico City,8400,NA,NA,NA,NA,Country,MX,Mexico,MEX,,America/Mexico_City,,,GeoCoordinates,19.4051,-99.0957,<data.frame[1 x 3]>,65000,FALSE,30,<data.frame[3 x 11]>,<data.frame[1 x 14]>,live,FALSE,character(0),FALSE,
,,,,,,,,,,,,,,,,,,,,,,,,,,,,,,,,,,,,,,,,,,,,,,,,,,
6,Concert,Bad Bunny at Estadio GNP Seguros,jambase:14236536,https://www.jambase.com/show/bad-bunny-estadio-gnp-seguros-20251211,https://www.jambase.com/wp-content/uploads/2018/01/bad-bunny-press-2024-1480x832.jpg,character(0),2025-05-05T19:21:23Z,2025-10-29T21:06:36Z,scheduled,2025-12-11T21:00:00,12/11/25,,,Venue,Estadio GNP Seguros,jambase:64430,https://www.jambase.com/venue/estadio-gnp-seguros,,2015-06-22T07:50:07Z,2025-11-04T19:21:12Z,PostalAddress,Avenida Viaducto Rio de la Piedad y Rio Churubusco S/N,Mexico City,8400,NA,NA,NA,NA,Country,MX,Mexico,MEX,,America/Mexico_City,,,GeoCoordinates,19.4051,-99.0957,<data.frame[1 x 3]>,65000,FALSE,30,<data.frame[3 x 11]>,<data.frame[1 x 14]>,live,FALSE,character(0),FALSE,
,,,,,,,,,,,,,,,,,,,,,,,,,,,,,,,,,,,,,,,,,,,,,,,,,,
7,Concert,Bad Bunny at Estadio GNP Seguros,jambase:14275343,https://www.jambase.com/show/bad-bunny-estadio-gnp-seguros-20251212,https://www.jambase.com/wp-content/uploads/2018/01/bad-bunny-press-2024-1480x832.jpg,character(0),2025-05-13T13:48:18Z,2025-10-29T21:05:44Z,scheduled,2025-12-12T21:00:00,12/12/25,,,Venue,Estadio GNP Seguros,jambase:64430,https://www.jambase.com/venue/estadio-gnp-seguros,,2015-06-22T07:50:07Z,2025-11-04T19:21:12Z,PostalAddress,Avenida Viaducto Rio de la Piedad y Rio Churubusco S/N,Mexico City,8400,NA,NA,NA,NA,Country,MX,Mexico,MEX,,America/Mexico_City,,,GeoCoordinates,19.4051,-99.0957,<data.frame[1 x 3]>,65000,FALSE,30,<data.frame[3 x 11]>,<data.frame[1 x 14]>,live,FALSE,character(0),FALSE,
,,,,,,,,,,,,,,,,,,,,,,,,,,,,,,,,,,,,,,,,,,,,,,,,,,
8,Concert,Bad Bunny at Estadio GNP Seguros,jambase:14275352,https://www.jambase.com/show/bad-bunny-estadio-gnp-seguros-20251215,https://www.jambase.com/wp-content/uploads/2018/01/bad-bunny-press-2024-1480x832.jpg,character(0),2025-05-13T13:48:20Z,2025-10-29T21:06:36Z,scheduled,2025-12-15T21:00:00,12/15/25,,,Venue,Estadio GNP Seguros,jambase:64430,https://www.jambase.com/venue/estadio-gnp-seguros,,2015-06-22T07:50:07Z,2025-11-04T19:21:12Z,PostalAddress,Avenida Viaducto Rio de la Piedad y Rio Churubusco S/N,Mexico City,8400,NA,NA,NA,NA,Country,MX,Mexico,MEX,,America/Mexico_City,,,GeoCoordinates,19.4051,-99.0957,<data.frame[1 x 3]>,65000,FALSE,30,<data.frame[3 x 11]>,<data.frame[1 x 14]>,live,FALSE,character(0),FALSE,
,,,,,,,,,,,,,,,,,,,,,,,,,,,,,,,,,,,,,,,,,,,,,,,,,,
9,Concert,Bad Bunny at Estadio GNP Seguros,jambase:14275349,https://www.jambase.com/show/bad-bunny-estadio-gnp-seguros-20251216,https://www.jambase.com/wp-content/uploads/2018/01/bad-bunny-press-2024-1480x832.jpg,character(0),2025-05-13T13:48:19Z,2025-10-29T21:06:10Z,scheduled,2025-12-16T21:00:00,12/16/25,,,Venue,Estadio GNP Seguros,jambase:64430,https://www.jambase.com/venue/estadio-gnp-seguros,,2015-06-22T07:50:07Z,2025-11-04T19:21:12Z,PostalAddress,Avenida Viaducto Rio de la Piedad y Rio Churubusco S/N,Mexico City,8400,NA,NA,NA,NA,Country,MX,Mexico,MEX,,America/Mexico_City,,,GeoCoordinates,19.4051,-99.0957,<data.frame[1 x 3]>,65000,FALSE,30,<data.frame[3 x 11]>,<data.frame[1 x 14]>,live,FALSE,character(0),FALSE,
,,,,,,,,,,,,,,,,,,,,,,,,,,,,,,,,,,,,,,,,,,,,,,,,,,
10,Concert,Bad Bunny at Estadio GNP Seguros,jambase:14275346,https://www.jambase.com/show/bad-bunny-estadio-gnp-seguros-20251219,https://www.jambase.com/wp-content/uploads/2018/01/bad-bunny-press-2024-1480x832.jpg,character(0),2025-05-13T13:48:19Z,2025-10-29T21:06:10Z,scheduled,2025-12-19T21:00:00,12/19/25,,,Venue,Estadio GNP Seguros,jambase:64430,https://www.jambase.com/venue/estadio-gnp-seguros,,2015-06-22T07:50:07Z,2025-11-04T19:21:12Z,PostalAddress,Avenida Viaducto Rio de la Piedad y Rio Churubusco S/N,Mexico City,8400,NA,NA,NA,NA,Country,MX,Mexico,MEX,,America/Mexico_City,,,GeoCoordinates,19.4051,-99.0957,<data.frame[1 x 3]>,65000,FALSE,30,<data.frame[3 x 11]>,<data.frame[1 x 14]>,live,FALSE,character(0),FALSE,
,,,,,,,,,,,,,,,,,,,,,,,,,,,,,,,,,,,,,,,,,,,,,,,,,,
11,Concert,Bad Bunny at Estadio GNP Seguros,jambase:14283925,https://www.jambase.com/show/bad-bunny-estadio-gnp-seguros-20251220,https://www.jambase.com/wp-content/uploads/2018/01/bad-bunny-press-2024-1480x832.jpg,character(0),2025-05-14T14:29:34Z,2025-10-29T21:06:10Z,scheduled,2025-12-20T21:00:00,12/20/25,,,Venue,Estadio GNP Seguros,jambase:64430,https://www.jambase.com/venue/estadio-gnp-seguros,,2015-06-22T07:50:07Z,2025-11-04T19:21:12Z,PostalAddress,Avenida Viaducto Rio de la Piedad y Rio Churubusco S/N,Mexico City,8400,NA,NA,NA,NA,Country,MX,Mexico,MEX,,America/Mexico_City,,,GeoCoordinates,19.4051,-99.0957,<data.frame[1 x 3]>,65000,FALSE,30,<data.frame[3 x 11]>,<data.frame[1 x 14]>,live,FALSE,character(0),FALSE,
,,,,,,,,,,,,,,,,,,,,,,,,,,,,,,,,,,,,,,,,,,,,,,,,,,
12,Concert,Bad Bunny at Estadio GNP Seguros,jambase:14283922,https://www.jambase.com/show/bad-bunny-estadio-gnp-seguros-20251221,https://www.jambase.com/wp-content/uploads/2018/01/bad-bunny-press-2024-1480x832.jpg,character(0),2025-05-14T14:29:33Z,2025-09-06T15:18:45Z,scheduled,2025-12-21T20:00:00,12/21/25,,,Venue,Estadio GNP Seguros,jambase:64430,https://www.jambase.com/venue/estadio-gnp-seguros,,2015-06-22T07:50:07Z,2025-11-04T19:21:12Z,PostalAddress,Avenida Viaducto Rio de la Piedad y Rio Churubusco S/N,Mexico City,8400,NA,NA,NA,NA,Country,MX,Mexico,MEX,,America/Mexico_City,,,GeoCoordinates,19.4051,-99.0957,<data.frame[1 x 3]>,65000,FALSE,30,<data.frame[3 x 11]>,<data.frame[1 x 14]>,live,FALSE,character(0),FALSE,
,,,,,,,,,,,,,,,,,,,,,,,,,,,,,,,,,,,,,,,,,,,,,,,,,,
13,Concert,Bad Bunny at Estadio Nacional,jambase:14247346,https://www.jambase.com/show/bad-bunny-estadio-nacional-20260109,https://www.jambase.com/wp-content/uploads/2018/01/bad-bunny-press-2024-1480x832.jpg,character(0),2025-05-06T19:48:53Z,2025-10-29T13:54:23Z,scheduled,2026-01-09T21:00:00,1/9/26,,,Venue,Estadio Nacional,jambase:428017,https://www.jambase.com/venue/estadio-nacional-santiago-cl,,2015-09-03T03:18:05Z,2025-11-04T14:17:16Z,PostalAddress,2001 Avenida Grecia,Ñuñoa,7780464,NA,NA,NA,NA,Country,CL,Chile,CHL,,America/Santiago,,,GeoCoordinates,-33.4643,-70.6115,<data.frame[1 x 3]>,48665,FALSE,11,<data.frame[3 x 11]>,<data.frame[1 x 14]>,live,FALSE,character(0),FALSE,
,,,,,,,,,,,,,,,,,,,,,,,,,,,,,,,,,,,,,,,,,,,,,,,,,,
14,Concert,Bad Bunny at Estadio Nacional,jambase:14869318,https://www.jambase.com/show/bad-bunny-estadio-nacional-20260110,https://www.jambase.com/wp-content/uploads/2018/01/bad-bunny-press-2024-1480x832.jpg,character(0),2025-09-03T14:00:30Z,2025-10-29T13:54:36Z,scheduled,2026-01-10T21:00:00,1/10/26,,,Venue,Estadio Nacional,jambase:428017,https://www.jambase.com/venue/estadio-nacional-santiago-cl,,2015-09-03T03:18:05Z,2025-11-04T14:17:16Z,PostalAddress,2001 Avenida Grecia,Ñuñoa,7780464,NA,NA,NA,NA,Country,CL,Chile,CHL,,America/Santiago,,,GeoCoordinates,-33.4643,-70.6115,<data.frame[1 x 3]>,48665,FALSE,11,<data.frame[3 x 11]>,<data.frame[1 x 14]>,live,FALSE,character(0),FALSE,
,,,,,,,,,,,,,,,,,,,,,,,,,,,,,,,,,,,,,,,,,,,,,,,,,,
15,Concert,Bad Bunny at Estadio Nacional,jambase:14305243,https://www.jambase.com/show/bad-bunny-estadio-nacional-20260111,https://www.jambase.com/wp-content/uploads/2018/01/bad-bunny-press-2024-1480x832.jpg,character(0),2025-05-18T16:51:02Z,2025-10-29T13:54:50Z,scheduled,2026-01-11T21:00:00,1/11/26,,,Venue,Estadio Nacional,jambase:428017,https://www.jambase.com/venue/estadio-nacional-santiago-cl,,2015-09-03T03:18:05Z,2025-11-04T14:17:16Z,PostalAddress,2001 Avenida Grecia,Ñuñoa,7780464,NA,NA,NA,NA,Country,CL,Chile,CHL,,America/Santiago,,,GeoCoordinates,-33.4643,-70.6115,<data.frame[1 x 3]>,48665,FALSE,11,<data.frame[3 x 11]>,<data.frame[1 x 14]>,live,FALSE,character(0),FALSE,
,,,,,,,,,,,,,,,,,,,,,,,,,,,,,,,,,,,,,,,,,,,,,,,,,,
16,Concert,Bad Bunny at Estadio Nacional,jambase:14247343,https://www.jambase.com/show/bad-bunny-estadio-nacional-20260116,https://www.jambase.com/wp-content/uploads/2018/01/bad-bunny-press-2024-1480x832.jpg,character(0),2025-05-06T19:46:09Z,2025-10-29T13:53:47Z,scheduled,2026-01-16T19:00:00,1/16/26,,,Venue,Estadio Nacional,jambase:428108,https://www.jambase.com/venue/estadio-nacional-lima-pe,,2015-09-03T03:18:45Z,2025-11-06T15:17:27Z,PostalAddress,s/n Calle José Díaz,Lima,15046,NA,NA,NA,NA,Country,PE,Peru,PER,,America/Lima,,3118431,GeoCoordinates,-12.0673,-77.0337,<data.frame[0 x 0]>,50000,FALSE,9,<data.frame[3 x 11]>,<data.frame[1 x 14]>,live,FALSE,character(0),FALSE,
,,,,,,,,,,,,,,,,,,,,,,,,,,,,,,,,,,,,,,,,,,,,,,,,,,
17,Concert,Bad Bunny at Estadio Nacional,jambase:14305231,https://www.jambase.com/show/bad-bunny-estadio-nacional-20260117,https://www.jambase.com/wp-content/uploads/2018/01/bad-bunny-press-2024-1480x832.jpg,character(0),2025-05-18T16:50:42Z,2025-10-29T13:54:00Z,scheduled,2026-01-17T19:00:00,1/17/26,,,Venue,Estadio Nacional,jambase:428108,https://www.jambase.com/venue/estadio-nacional-lima-pe,,2015-09-03T03:18:45Z,2025-11-06T15:17:27Z,PostalAddress,s/n Calle José Díaz,Lima,15046,NA,NA,NA,NA,Country,PE,Peru,PER,,America/Lima,,3118431,GeoCoordinates,-12.0673,-77.0337,<data.frame[0 x 0]>,50000,FALSE,9,<data.frame[3 x 11]>,<data.frame[1 x 14]>,live,FALSE,character(0),FALSE,
,,,,,,,,,,,,,,,,,,,,,,,,,,,,,,,,,,,,,,,,,,,,,,,,,,
18,Concert,Bad Bunny at Estadio Atanasio Girardot,jambase:14247339,https://www.jambase.com/show/bad-bunny-estadio-atanasio-girardot-20260123,https://www.jambase.com/wp-content/uploads/2018/01/bad-bunny-press-2024-1480x832.jpg,character(0),2025-05-06T19:44:12Z,2025-05-30T15:44:50Z,scheduled,2026-01-23T19:00:00,1/23/26,,,Venue,Estadio Atanasio Girardot,jambase:2549245,https://www.jambase.com/venue/estadio-atanasio-girardot,,2016-07-15T02:10:44Z,2025-11-06T19:17:10Z,PostalAddress,48010 Carrera 74,Medellín,50034,NA,NA,NA,NA,Country,CO,Colombia,COL,,America/Bogota,,1134336,GeoCoordinates,6.2568,-75.5902,<data.frame[0 x 0]>,40943,FALSE,6,<data.frame[3 x 11]>,<data.frame[1 x 14]>,live,FALSE,character(0),FALSE,
,,,,,,,,,,,,,,,,,,,,,,,,,,,,,,,,,,,,,,,,,,,,,,,,,,
19,Concert,Bad Bunny at Estadio Atanasio Girardot,jambase:14305234,https://www.jambase.com/show/bad-bunny-estadio-atanasio-girardot-20260124,https://www.jambase.com/wp-content/uploads/2018/01/bad-bunny-press-2024-1480x832.jpg,character(0),2025-05-18T16:50:48Z,2025-08-11T13:04:15Z,scheduled,2026-01-24T20:00:00,1/24/26,,,Venue,Estadio Atanasio Girardot,jambase:2549245,https://www.jambase.com/venue/estadio-atanasio-girardot,,2016-07-15T02:10:44Z,2025-11-06T19:17:10Z,PostalAddress,48010 Carrera 74,Medellín,50034,NA,NA,NA,NA,Country,CO,Colombia,COL,,America/Bogota,,1134336,GeoCoordinates,6.2568,-75.5902,<data.frame[0 x 0]>,40943,FALSE,6,<data.frame[3 x 11]>,<data.frame[1 x 14]>,live,FALSE,character(0),FALSE,
,,,,,,,,,,,,,,,,,,,,,,,,,,,,,,,,,,,,,,,,,,,,,,,,,,
20,Concert,Bad Bunny at Estadio Atanasio Girardot,jambase:14305237,https://www.jambase.com/show/bad-bunny-estadio-atanasio-girardot-20260125,https://www.jambase.com/wp-content/uploads/2018/01/bad-bunny-press-2024-1480x832.jpg,character(0),2025-05-18T16:50:51Z,2025-08-11T13:04:32Z,scheduled,2026-01-25T19:00:00,1/25/26,,,Venue,Estadio Atanasio Girardot,jambase:2549245,https://www.jambase.com/venue/estadio-atanasio-girardot,,2016-07-15T02:10:44Z,2025-11-06T19:17:10Z,PostalAddress,48010 Carrera 74,Medellín,50034,NA,NA,NA,NA,Country,CO,Colombia,COL,,America/Bogota,,1134336,GeoCoordinates,6.2568,-75.5902,<data.frame[0 x 0]>,40943,FALSE,6,<data.frame[3 x 11]>,<data.frame[1 x 14]>,live,FALSE,character(0),FALSE,
,,,,,,,,,,,,,,,,,,,,,,,,,,,,,,,,,,,,,,,,,,,,,,,,,,
21,Concert,Bad Bunny at Estadio River Plate,jambase:14247350,https://www.jambase.com/show/bad-bunny-estadio-river-plate-20260213,https://www.jambase.com/wp-content/uploads/2018/01/bad-bunny-press-2024-1480x832.jpg,character(0),2025-05-06T19:50:51Z,2025-06-26T23:04:18Z,scheduled,2026-02-13T21:00:00,2/13/26,,,Venue,Estadio River Plate,jambase:428238,https://www.jambase.com/venue/river-plate-stadium,,2015-09-03T03:19:36Z,2025-11-03T15:45:43Z,PostalAddress,7597 Avenida Presidente Figueroa Alcorta,Buenos Aires,C1424,NA,NA,NA,NA,Country,AR,Argentina,ARG,,America/Argentina/Buenos_Aires,,150433,GeoCoordinates,-34.5455,-58.4497,<data.frame[1 x 3]>,61321,FALSE,10,<data.frame[3 x 11]>,<data.frame[1 x 14]>,live,FALSE,character(0),FALSE,
,,,,,,,,,,,,,,,,,,,,,,,,,,,,,,,,,,,,,,,,,,,,,,,,,,
22,Concert,Bad Bunny at Estadio River Plate,jambase:14305246,https://www.jambase.com/show/bad-bunny-estadio-river-plate-20260214,https://www.jambase.com/wp-content/uploads/2018/01/bad-bunny-press-2024-1480x832.jpg,character(0),2025-05-18T16:51:09Z,2025-08-11T13:05:58Z,scheduled,2026-02-14T21:00:00,2/14/26,,,Venue,Estadio River Plate,jambase:428238,https://www.jambase.com/venue/river-plate-stadium,,2015-09-03T03:19:36Z,2025-11-03T15:45:43Z,PostalAddress,7597 Avenida Presidente Figueroa Alcorta,Buenos Aires,C1424,NA,NA,NA,NA,Country,AR,Argentina,ARG,,America/Argentina/Buenos_Aires,,150433,GeoCoordinates,-34.5455,-58.4497,<data.frame[1 x 3]>,61321,FALSE,10,<data.frame[3 x 11]>,<data.frame[1 x 14]>,live,FALSE,character(0),FALSE,
,,,,,,,,,,,,,,,,,,,,,,,,,,,,,,,,,,,,,,,,,,,,,,,,,,
23,Concert,Bad Bunny at Estadio River Plate,jambase:14305249,https://www.jambase.com/show/bad-bunny-estadio-river-plate-20260215,https://www.jambase.com/wp-content/uploads/2018/01/bad-bunny-press-2024-1480x832.jpg,character(0),2025-05-18T16:51:13Z,2025-08-11T13:06:10Z,scheduled,2026-02-15T21:00:00,2/15/26,,,Venue,Estadio River Plate,jambase:428238,https://www.jambase.com/venue/river-plate-stadium,,2015-09-03T03:19:36Z,2025-11-03T15:45:43Z,PostalAddress,7597 Avenida Presidente Figueroa Alcorta,Buenos Aires,C1424,NA,NA,NA,NA,Country,AR,Argentina,ARG,,America/Argentina/Buenos_Aires,,150433,GeoCoordinates,-34.5455,-58.4497,<data.frame[1 x 3]>,61321,FALSE,10,<data.frame[3 x 11]>,<data.frame[1 x 14]>,live,FALSE,character(0),FALSE,
,,,,,,,,,,,,,,,,,,,,,,,,,,,,,,,,,,,,,,,,,,,,,,,,,,
24,Concert,Bad Bunny at Allianz Parque,jambase:14247354,https://www.jambase.com/show/bad-bunny-allianz-parque-20260220,https://www.jambase.com/wp-content/uploads/2018/01/bad-bunny-press-2024-1480x832.jpg,character(0),2025-05-06T19:51:59Z,2025-06-26T23:01:16Z,scheduled,2026-02-20T21:00:00,2/20/26,,,Venue,Allianz Parque,jambase:669859,https://www.jambase.com/venue/allianz-parque,,2015-10-06T09:37:49Z,2025-11-03T14:17:12Z,PostalAddress,200 Rua Palestra Itália,São Paulo,05001-200,NA,NA,NA,NA,Country,BR,Brazil,BRA,,America/Sao_Paulo,,301671,GeoCoordinates,-23.5283,-46.6796,<data.frame[1 x 3]>,43710,FALSE,11,<data.frame[3 x 11]>,<data.frame[1 x 14]>,live,FALSE,character(0),FALSE,
,,,,,,,,,,,,,,,,,,,,,,,,,,,,,,,,,,,,,,,,,,,,,,,,,,
25,Concert,Bad Bunny at Allianz Parque,jambase:14283928,https://www.jambase.com/show/bad-bunny-allianz-parque-20260221,https://www.jambase.com/wp-content/uploads/2018/01/bad-bunny-press-2024-1480x832.jpg,character(0),2025-05-14T14:29:35Z,2025-06-26T23:01:16Z,scheduled,2026-02-21T21:00:00,2/21/26,,,Venue,Allianz Parque,jambase:669859,https://www.jambase.com/venue/allianz-parque,,2015-10-06T09:37:49Z,2025-11-03T14:17:12Z,PostalAddress,200 Rua Palestra Itália,São Paulo,05001-200,NA,NA,NA,NA,Country,BR,Brazil,BRA,,America/Sao_Paulo,,301671,GeoCoordinates,-23.5283,-46.6796,<data.frame[1 x 3]>,43710,FALSE,11,<data.frame[3 x 11]>,<data.frame[1 x 14]>,live,FALSE,character(0),FALSE,
,,,,,,,,,,,,,,,,,,,,,,,,,,,,,,,,,,,,,,,,,,,,,,,,,,
26,Concert,Bad Bunny at Engie Stadium,jambase:14236542,https://www.jambase.com/show/bad-bunny-giants-stadium-20260228,https://www.jambase.com/wp-content/uploads/2018/01/bad-bunny-press-2024-1480x832.jpg,character(0),2025-05-05T19:21:24Z,2025-10-29T20:04:53Z,scheduled,2026-02-28T17:00:00,2/28/26,,,Venue,Engie Stadium,jambase:5843971,https://www.jambase.com/venue/engie-stadium,,2019-08-09T15:07:06Z,2025-10-19T15:17:11Z,PostalAddress, Grand Parade,Sydney Olympic Park,2127,State,AU-NSW,New South Wales,NSW,Country,AU,Australia,AUS,,Australia/Sydney,,4248970,GeoCoordinates,-33.8431,151.0677,<data.frame[1 x 3]>,,FALSE,2,<data.frame[3 x 11]>,<data.frame[1 x 14]>,live,FALSE,character(0),FALSE,
,,,,,,,,,,,,,,,,,,,,,,,,,,,,,,,,,,,,,,,,,,,,,,,,,,
27,Concert,Bad Bunny at Engie Stadium,jambase:14255542,https://www.jambase.com/show/bad-bunny-giants-stadium-20260301,https://www.jambase.com/wp-content/uploads/2018/01/bad-bunny-press-2024-1480x832.jpg,character(0),2025-05-08T14:06:05Z,2025-10-29T20:02:12Z,scheduled,2026-03-01T17:00:00,3/1/26,,,Venue,Engie Stadium,jambase:5843971,https://www.jambase.com/venue/engie-stadium,,2019-08-09T15:07:06Z,2025-10-19T15:17:11Z,PostalAddress, Grand Parade,Sydney Olympic Park,2127,State,AU-NSW,New South Wales,NSW,Country,AU,Australia,AUS,,Australia/Sydney,,4248970,GeoCoordinates,-33.8431,151.0677,<data.frame[1 x 3]>,,FALSE,2,<data.frame[3 x 11]>,<data.frame[1 x 14]>,live,FALSE,character(0),FALSE,
,,,,,,,,,,,,,,,,,,,,,,,,,,,,,,,,,,,,,,,,,,,,,,,,,,
28,Concert,Bad Bunny at Estadi Olímpico Lluis Companys,jambase:14237025,https://www.jambase.com/show/bad-bunny-estadi-olimpico-lluis-companys-20260522,https://www.jambase.com/wp-content/uploads/2018/01/bad-bunny-press-2024-1480x832.jpg,character(0),2025-05-05T20:56:05Z,2025-06-26T23:03:59Z,scheduled,2026-05-22T20:00:00,5/22/26,,,Venue,Estadi Olímpico Lluis Companys,jambase:6114084,https://www.jambase.com/venue/estadi-olimpico-lluis-companys,,2019-11-11T17:55:45Z,2025-10-09T17:17:16Z,PostalAddress,"Passeig Olímpic, 15-17",Barcelona,8038,NA,NA,NA,NA,Country,ES,Spain,ESP,,Europe/Madrid,,4173642,GeoCoordinates,41.3647,2.1535,<data.frame[1 x 3]>,60713,FALSE,6,<data.frame[3 x 11]>,<data.frame[1 x 14]>,live,FALSE,character(0),FALSE,
,,,,,,,,,,,,,,,,,,,,,,,,,,,,,,,,,,,,,,,,,,,,,,,,,,
29,Concert,Bad Bunny at Estadi Olímpico Lluis Companys,jambase:14237031,https://www.jambase.com/show/bad-bunny-estadi-olimpico-lluis-companys-20260522-2,https://www.jambase.com/wp-content/uploads/2018/01/bad-bunny-press-2024-1480x832.jpg,character(0),2025-05-05T20:56:08Z,2025-06-26T23:03:59Z,scheduled,2026-05-22T20:00:00,5/22/26,,,Venue,Estadi Olímpico Lluis Companys,jambase:6114084,https://www.jambase.com/venue/estadi-olimpico-lluis-companys,,2019-11-11T17:55:45Z,2025-10-09T17:17:16Z,PostalAddress,"Passeig Olímpic, 15-17",Barcelona,8038,NA,NA,NA,NA,Country,ES,Spain,ESP,,Europe/Madrid,,4173642,GeoCoordinates,41.3647,2.1535,<data.frame[1 x 3]>,60713,FALSE,6,<data.frame[1 x 11]>,<data.frame[1 x 14]>,live,FALSE,character(0),FALSE,
,,,,,,,,,,,,,,,,,,,,,,,,,,,,,,,,,,,,,,,,,,,,,,,,,,
30,Concert,Bad Bunny at Estadi Olímpico Lluis Companys,jambase:14255551,https://www.jambase.com/show/bad-bunny-estadi-olimpico-lluis-companys-20260523,https://www.jambase.com/wp-content/uploads/2018/01/bad-bunny-press-2024-1480x832.jpg,character(0),2025-05-08T14:06:08Z,2025-06-26T23:03:59Z,scheduled,2026-05-23T20:00:00,5/23/26,,,Venue,Estadi Olímpico Lluis Companys,jambase:6114084,https://www.jambase.com/venue/estadi-olimpico-lluis-companys,,2019-11-11T17:55:45Z,2025-10-09T17:17:16Z,PostalAddress,"Passeig Olímpic, 15-17",Barcelona,8038,NA,NA,NA,NA,Country,ES,Spain,ESP,,Europe/Madrid,,4173642,GeoCoordinates,41.3647,2.1535,<data.frame[1 x 3]>,60713,FALSE,6,<data.frame[3 x 11]>,<data.frame[1 x 14]>,live,FALSE,character(0),FALSE,
,,,,,,,,,,,,,,,,,,,,,,,,,,,,,,,,,,,,,,,,,,,,,,,,,,
31,Concert,Bad Bunny at Estádio da Luz,jambase:14247358,https://www.jambase.com/show/bad-bunny-est%c3%a1dio-da-luz-20260526,https://www.jambase.com/wp-content/uploads/2018/01/bad-bunny-press-2024-1480x832.jpg,character(0),2025-05-06T19:53:53Z,2025-06-26T23:01:41Z,scheduled,2026-05-26T20:00:00,5/26/26,,,Venue,Estádio da Luz,jambase:9437567,https://www.jambase.com/venue/estadio-da-luz-lisbon-pt,,2022-11-07T16:42:18Z,2025-09-22T16:17:13Z,PostalAddress, Avenida Eusébio da Silva Ferreira,Lisboa,1500-313,NA,NA,NA,NA,Country,PT,Portugal,PRT,,Europe/Lisbon,,,GeoCoordinates,38.7527,-9.1847,<data.frame[1 x 3]>,64642,FALSE,3,<data.frame[3 x 11]>,<data.frame[1 x 14]>,live,FALSE,character(0),FALSE,
,,,,,,,,,,,,,,,,,,,,,,,,,,,,,,,,,,,,,,,,,,,,,,,,,,
32,Concert,Bad Bunny at Estádio da Luz,jambase:14258576,https://www.jambase.com/show/bad-bunny-est%c3%a1dio-da-luz-20260527,https://www.jambase.com/wp-content/uploads/2018/01/bad-bunny-press-2024-1480x832.jpg,character(0),2025-05-08T17:05:08Z,2025-06-26T23:01:41Z,scheduled,2026-05-27T20:00:00,5/27/26,,,Venue,Estádio da Luz,jambase:9437567,https://www.jambase.com/venue/estadio-da-luz-lisbon-pt,,2022-11-07T16:42:18Z,2025-09-22T16:17:13Z,PostalAddress, Avenida Eusébio da Silva Ferreira,Lisboa,1500-313,NA,NA,NA,NA,Country,PT,Portugal,PRT,,Europe/Lisbon,,,GeoCoordinates,38.7527,-9.1847,<data.frame[1 x 3]>,64642,FALSE,3,<data.frame[3 x 11]>,<data.frame[1 x 14]>,live,FALSE,character(0),FALSE,
,,,,,,,,,,,,,,,,,,,,,,,,,,,,,,,,,,,,,,,,,,,,,,,,,,
33,Concert,Bad Bunny at Riyadh Air Metropolitano,jambase:14237028,https://www.jambase.com/show/bad-bunny-metropolitano-stadium-20260530,https://www.jambase.com/wp-content/uploads/2018/01/bad-bunny-press-2024-1480x832.jpg,character(0),2025-05-05T20:56:07Z,2025-09-05T22:45:14Z,scheduled,2026-05-30T20:00:00,5/30/26,,,Venue,Riyadh Air Metropolitano,jambase:4703126,https://www.jambase.com/venue/riyadh-air-metropolitano-madrid-es,,2018-09-10T21:59:19Z,2025-10-09T15:17:12Z,PostalAddress,4 Avenida de Luis Aragonés,Madrid,28022,NA,NA,NA,NA,Country,ES,Spain,ESP,,Europe/Madrid,,4195345,GeoCoordinates,40.4362,-3.5995,<data.frame[0 x 0]>,68000,FALSE,16,<data.frame[3 x 11]>,<data.frame[1 x 14]>,live,FALSE,character(0),FALSE,
,,,,,,,,,,,,,,,,,,,,,,,,,,,,,,,,,,,,,,,,,,,,,,,,,,
34,Concert,Bad Bunny at Riyadh Air Metropolitano,jambase:14237034,https://www.jambase.com/show/bad-bunny-metropolitano-stadium-20260531,https://www.jambase.com/wp-content/uploads/2018/01/bad-bunny-press-2024-1480x832.jpg,character(0),2025-05-05T20:56:09Z,2025-09-05T22:45:14Z,scheduled,2026-05-31T20:00:00,5/31/26,,,Venue,Riyadh Air Metropolitano,jambase:4703126,https://www.jambase.com/venue/riyadh-air-metropolitano-madrid-es,,2018-09-10T21:59:19Z,2025-10-09T15:17:12Z,PostalAddress,4 Avenida de Luis Aragonés,Madrid,28022,NA,NA,NA,NA,Country,ES,Spain,ESP,,Europe/Madrid,,4195345,GeoCoordinates,40.4362,-3.5995,<data.frame[0 x 0]>,68000,FALSE,16,<data.frame[3 x 11]>,<data.frame[1 x 14]>,live,FALSE,character(0),FALSE,
,,,,,,,,,,,,,,,,,,,,,,,,,,,,,,,,,,,,,,,,,,,,,,,,,,
35,Concert,Bad Bunny at Riyadh Air Metropolitano,jambase:14255548,https://www.jambase.com/show/bad-bunny-metropolitano-stadium-20260602,https://www.jambase.com/wp-content/uploads/2018/01/bad-bunny-press-2024-1480x832.jpg,character(0),2025-05-08T14:06:07Z,2025-09-05T22:45:25Z,scheduled,2026-06-02T20:00:00,6/2/26,,,Venue,Riyadh Air Metropolitano,jambase:4703126,https://www.jambase.com/venue/riyadh-air-metropolitano-madrid-es,,2018-09-10T21:59:19Z,2025-10-09T15:17:12Z,PostalAddress,4 Avenida de Luis Aragonés,Madrid,28022,NA,NA,NA,NA,Country,ES,Spain,ESP,,Europe/Madrid,,4195345,GeoCoordinates,40.4362,-3.5995,<data.frame[0 x 0]>,68000,FALSE,16,<data.frame[3 x 11]>,<data.frame[1 x 14]>,live,FALSE,character(0),FALSE,
,,,,,,,,,,,,,,,,,,,,,,,,,,,,,,,,,,,,,,,,,,,,,,,,,,
36,Concert,Bad Bunny at Riyadh Air Metropolitano,jambase:14255554,https://www.jambase.com/show/bad-bunny-metropolitano-stadium-20260603,https://www.jambase.com/wp-content/uploads/2018/01/bad-bunny-press-2024-1480x832.jpg,character(0),2025-05-08T14:06:09Z,2025-09-05T22:45:25Z,scheduled,2026-06-03T20:00:00,6/3/26,,,Venue,Riyadh Air Metropolitano,jambase:4703126,https://www.jambase.com/venue/riyadh-air-metropolitano-madrid-es,,2018-09-10T21:59:19Z,2025-10-09T15:17:12Z,PostalAddress,4 Avenida de Luis Aragonés,Madrid,28022,NA,NA,NA,NA,Country,ES,Spain,ESP,,Europe/Madrid,,4195345,GeoCoordinates,40.4362,-3.5995,<data.frame[0 x 0]>,68000,FALSE,16,<data.frame[3 x 11]>,<data.frame[1 x 14]>,live,FALSE,character(0),FALSE,
,,,,,,,,,,,,,,,,,,,,,,,,,,,,,,,,,,,,,,,,,,,,,,,,,,
37,Concert,Bad Bunny at Riyadh Air Metropolitano,jambase:14258726,https://www.jambase.com/show/bad-bunny-metropolitano-stadium-20260606,https://www.jambase.com/wp-content/uploads/2018/01/bad-bunny-press-2024-1480x832.jpg,character(0),2025-05-08T17:08:58Z,2025-09-05T22:45:25Z,scheduled,2026-06-06T20:00:00,6/6/26,,,Venue,Riyadh Air Metropolitano,jambase:4703126,https://www.jambase.com/venue/riyadh-air-metropolitano-madrid-es,,2018-09-10T21:59:19Z,2025-10-09T15:17:12Z,PostalAddress,4 Avenida de Luis Aragonés,Madrid,28022,NA,NA,NA,NA,Country,ES,Spain,ESP,,Europe/Madrid,,4195345,GeoCoordinates,40.4362,-3.5995,<data.frame[0 x 0]>,68000,FALSE,16,<data.frame[4 x 11]>,<data.frame[1 x 14]>,live,FALSE,character(0),FALSE,
,,,,,,,,,,,,,,,,,,,,,,,,,,,,,,,,,,,,,,,,,,,,,,,,,,
38,Concert,Bad Bunny at Riyadh Air Metropolitano,jambase:14258846,https://www.jambase.com/show/bad-bunny-metropolitano-stadium-20260607,https://www.jambase.com/wp-content/uploads/2018/01/bad-bunny-press-2024-1480x832.jpg,character(0),2025-05-08T17:09:35Z,2025-09-05T22:45:25Z,scheduled,2026-06-07T20:00:00,6/7/26,,,Venue,Riyadh Air Metropolitano,jambase:4703126,https://www.jambase.com/venue/riyadh-air-metropolitano-madrid-es,,2018-09-10T21:59:19Z,2025-10-09T15:17:12Z,PostalAddress,4 Avenida de Luis Aragonés,Madrid,28022,NA,NA,NA,NA,Country,ES,Spain,ESP,,Europe/Madrid,,4195345,GeoCoordinates,40.4362,-3.5995,<data.frame[0 x 0]>,68000,FALSE,16,<data.frame[4 x 11]>,<data.frame[1 x 14]>,live,FALSE,character(0),FALSE,
,,,,,,,,,,,,,,,,,,,,,,,,,,,,,,,,,,,,,,,,,,,,,,,,,,
39,Concert,Bad Bunny at Riyadh Air Metropolitano,jambase:14261461,https://www.jambase.com/show/bad-bunny-metropolitano-stadium-20260610,https://www.jambase.com/wp-content/uploads/2018/01/bad-bunny-press-2024-1480x832.jpg,character(0),2025-05-09T13:48:56Z,2025-09-05T22:45:25Z,scheduled,2026-06-10T20:00:00,6/10/26,,,Venue,Riyadh Air Metropolitano,jambase:4703126,https://www.jambase.com/venue/riyadh-air-metropolitano-madrid-es,,2018-09-10T21:59:19Z,2025-10-09T15:17:12Z,PostalAddress,4 Avenida de Luis Aragonés,Madrid,28022,NA,NA,NA,NA,Country,ES,Spain,ESP,,Europe/Madrid,,4195345,GeoCoordinates,40.4362,-3.5995,<data.frame[0 x 0]>,68000,FALSE,16,<data.frame[3 x 11]>,<data.frame[1 x 14]>,live,FALSE,character(0),FALSE,
,,,,,,,,,,,,,,,,,,,,,,,,,,,,,,,,,,,,,,,,,,,,,,,,,,
40,Concert,Bad Bunny at Riyadh Air Metropolitano,jambase:14261464,https://www.jambase.com/show/bad-bunny-metropolitano-stadium-20260611,https://www.jambase.com/wp-content/uploads/2018/01/bad-bunny-press-2024-1480x832.jpg,character(0),2025-05-09T13:48:57Z,2025-09-05T22:45:25Z,scheduled,2026-06-11T20:00:00,6/11/26,,,Venue,Riyadh Air Metropolitano,jambase:4703126,https://www.jambase.com/venue/riyadh-air-metropolitano-madrid-es,,2018-09-10T21:59:19Z,2025-10-09T15:17:12Z,PostalAddress,4 Avenida de Luis Aragonés,Madrid,28022,NA,NA,NA,NA,Country,ES,Spain,ESP,,Europe/Madrid,,4195345,GeoCoordinates,40.4362,-3.5995,<data.frame[0 x 0]>,68000,FALSE,16,<data.frame[3 x 11]>,<data.frame[1 x 14]>,live,FALSE,character(0),FALSE,
,,,,,,,,,,,,,,,,,,,,,,,,,,,,,,,,,,,,,,,,,,,,,,,,,,